feature	metadata	value	coef	stderr	N	N.not.0	pval	qval
d__Bacteria.p__Bacteroidota	Gender	Male	-1.4565338890361	0.341158554786365	50	50	9.7060184095157e-05	0.00378534717971112
d__Bacteria.p__Actinobacteriota.c__Coriobacteriia.o__Coriobacteriales.f__Coriobacteriaceae	BMI	BMI	0.173852275095206	0.0517821471288742	50	23	0.00158692892710587	0.0309451140785645
d__Bacteria.p__Actinobacteriota	BMI	BMI	0.1598204588582	0.0573536533044173	50	38	0.00771438582452154	0.10028701571878
