feature	metadata	value	coef	stderr	N	N.not.0	pval	qval
d__Bacteria.p__Bacteroidota	Gender	Male	-1.42195846991435	0.338530765311208	50	50	0.000114937880881775	0.00149419245146307
