feature	metadata	value	coef	stderr	N	N.not.0	pval	qval
d__Bacteria.p__Bacteroidota	Gender	Male	-1.42195846988187	0.338530765327719	50	50	0.000114937880993258	0.00149419245291236
