feature	metadata	value	coef	stderr	N	N.not.0	pval	qval
d__Bacteria.p__Bacteroidota	Gender	Male	-1.41843417935126	0.335104580466531	50	50	0.000106225097314127	0.00276185253016731
